{
  "best_value": 0.21507342365121213,
  "best_params": {
    "n_estimators": 125,
    "max_depth": 8,
    "learning_rate": 0.1205712628744377,
    "subsample": 0.8394633936788146,
    "colsample_bytree": 0.6624074561769746,
    "min_child_weight": 2.403950683025824,
    "reg_lambda": 0.0017073967431528124
  },
  "n_trials": 20,
  "optuna_train_windows": 120,
  "holdout_windows": 50,
  "dataset_path": "data_gathering/dataset.csv",
  "train_evaluation": {
    "n_windows": 120,
    "tp": 604,
    "tn": 500,
    "fp": 28,
    "fn": 68,
    "gain_realized": 82745711731362.42,
    "gain_max_possible": 92370807097919.48,
    "gain_ratio": 0.8957993800318992,
    "gain_effective_mean": 0.7965773238778042,
    "score_median": 0.21507342365121213,
    "score_mean": -0.04838834538433775,
    "score_corr_gain_effective": 0.8489440619678846
  },
  "holdout_evaluation": {
    "n_windows": 50,
    "tp": 214,
    "tn": 280,
    "fp": 3,
    "fn": 3,
    "gain_realized": 3.3349364756562266e+17,
    "gain_max_possible": 3.3736759885711206e+17,
    "gain_ratio": 0.9885171210732356,
    "gain_effective_mean": 0.9493022301945665,
    "score_median": 1.3940529698730488,
    "score_mean": 0.8488501321475437,
    "score_corr_gain_effective": 0.6814277047015045
  }
}