{
  "model_type": "hierarchical_family_score",
  "family_models": {
    "score_classification": {
      "model_type": "linear",
      "feature_names": [
        "fp",
        "recall",
        "tp",
        "balanced_accuracy",
        "fn"
      ],
      "mu": [
        0.175,
        0.678346560846561,
        5.05,
        0.6732357804232805,
        0.55
      ],
      "sigma": [
        0.42155466233139127,
        0.4248462895371573,
        3.7657447249293643,
        0.263793102314503,
        1.413329402510257
      ],
      "weights": [
        -0.6453903354305155,
        0.4668090624572951,
        0.39304151553846656,
        0.36362147302338443,
        -0.2808173882795675
      ],
      "target_name": "gain_effective_classification",
      "target_mean": 0.811278028905948,
      "target_std": 0.3233776972230772,
      "training_target_corr": 0.8057511770062414
    },
    "score_separation": {
      "model_type": "linear",
      "feature_names": [
        "median_dist_fp",
        "threshold_confidence_gap",
        "brier",
        "median_dist_tp",
        "threshold_confidence_ratio",
        "auc",
        "median_dist_fn",
        "median_dist_tn"
      ],
      "mu": [
        0.03664988875389099,
        0.3292609791051666,
        0.056676623141971194,
        0.3445541453858217,
        1.7056532522176753,
        0.9936217948717949,
        0.06849245594348759,
        0.32054194420222
      ],
      "sigma": [
        0.11020944630412408,
        0.1719474643957517,
        0.1062281809136495,
        0.20720149623028075,
        3.3991225196515766,
        0.022156015259135627,
        0.13399093771880485,
        0.21746445100108394
      ],
      "weights": [
        -0.4779267367427004,
        0.45986059936233403,
        -0.4373263962812811,
        0.43214152231084196,
        -0.39576958833084025,
        0.0496651138477872,
        -0.1282991129659539,
        -0.08094898580067239
      ],
      "target_name": "gain_effective_separation",
      "target_mean": 0.811278028905948,
      "target_std": 0.3233776972230772,
      "training_target_corr": 0.7970982548086214
    },
    "score_generalization": {
      "model_type": "linear",
      "feature_names": [
        "empirical_residual_noise",
        "empirical_bias",
        "empirical_variance"
      ],
      "mu": [
        0.03160906460442615,
        0.4640891017768008,
        0.3592331142273364
      ],
      "sigma": [
        0.03232514007900486,
        0.46701246455798345,
        0.24446642767419716
      ],
      "weights": [
        -0.7906702616783664,
        -0.5634982506282296,
        -0.23939561156459957
      ],
      "target_name": "gain_effective_generalization",
      "target_mean": 0.811278028905948,
      "target_std": 0.3233776972230772,
      "training_target_corr": 0.4815406615424805
    },
    "score_stabilite": {
      "model_type": "linear",
      "feature_names": [
        "stability_score",
        "robustness_gap",
        "threshold_drift",
        "threshold_std",
        "logloss_std",
        "auc_std"
      ],
      "mu": [
        0.7127520598359626,
        0.310571626147688,
        0.9163355850886243,
        0.2576909001781907,
        0.5697025068151256,
        0.026311792496902468
      ],
      "sigma": [
        0.06181300252304982,
        0.09227586315449014,
        0.22109128216504462,
        0.063190740042578,
        0.1862046399956194,
        0.012584904076197036
      ],
      "weights": [
        -0.6213630073175035,
        0.5847422302238854,
        0.41053041646529764,
        0.22327614395555498,
        -0.20539867631892514,
        -0.10681040114963275
      ],
      "target_name": "gain_effective_stabilite",
      "target_mean": 0.811278028905948,
      "target_std": 0.3233776972230772,
      "training_target_corr": 0.3289347060160778
    }
  },
  "family_bases": {
    "score_classification": {
      "candidate_feature_names": [
        "tp",
        "tn",
        "fp",
        "fn",
        "precision",
        "recall",
        "specificity",
        "mcc",
        "balanced_accuracy"
      ],
      "non_constant_feature_names": [
        "tp",
        "tn",
        "fp",
        "fn",
        "precision",
        "recall",
        "specificity",
        "mcc",
        "balanced_accuracy"
      ],
      "target_corr": {
        "tp": 0.45917888056539663,
        "tn": -0.24584590286802932,
        "fp": -0.7539906092228238,
        "fn": -0.32807072254658626,
        "precision": 0.42837523559719626,
        "recall": 0.5453593431301155,
        "specificity": -0.016802767273027035,
        "mcc": 0.31863266335972695,
        "balanced_accuracy": 0.4248083073455313
      },
      "filtered_feature_names": [
        "fp",
        "recall",
        "tp",
        "balanced_accuracy",
        "fn",
        "specificity"
      ],
      "selected_feature_names": [
        "fp",
        "recall",
        "tp",
        "balanced_accuracy",
        "fn"
      ],
      "dropped_corr": [
        {
          "dropped": "precision",
          "kept": "recall",
          "corr": 0.9323444857968642,
          "abs_corr": 0.9323444857968642,
          "dropped_target_corr": 0.42837523559719626,
          "kept_target_corr": 0.5453593431301155
        },
        {
          "dropped": "mcc",
          "kept": "balanced_accuracy",
          "corr": 0.9607603980941936,
          "abs_corr": 0.9607603980941936,
          "dropped_target_corr": 0.31863266335972695,
          "kept_target_corr": 0.4248083073455313
        },
        {
          "dropped": "tn",
          "kept": "tp",
          "corr": -0.9319747122784914,
          "abs_corr": 0.9319747122784914,
          "dropped_target_corr": 0.24584590286802932,
          "kept_target_corr": 0.45917888056539663
        }
      ]
    },
    "score_separation": {
      "candidate_feature_names": [
        "auc",
        "logloss",
        "brier",
        "median_dist_tp",
        "median_dist_tn",
        "median_dist_fp",
        "median_dist_fn",
        "threshold_confidence_ratio",
        "threshold_confidence_gap"
      ],
      "non_constant_feature_names": [
        "auc",
        "logloss",
        "brier",
        "median_dist_tp",
        "median_dist_tn",
        "median_dist_fp",
        "median_dist_fn",
        "threshold_confidence_ratio",
        "threshold_confidence_gap"
      ],
      "target_corr": {
        "auc": 0.2593475445648656,
        "logloss": -0.45788371339108125,
        "brier": -0.48152553165484935,
        "median_dist_tp": 0.4758166395861129,
        "median_dist_tn": -0.08913023260438865,
        "median_dist_fp": -0.5262292145157349,
        "median_dist_fn": -0.14126588083203873,
        "threshold_confidence_ratio": -0.43576871429287134,
        "threshold_confidence_gap": 0.5063371922618695
      },
      "filtered_feature_names": [
        "median_dist_fp",
        "threshold_confidence_gap",
        "brier",
        "median_dist_tp",
        "threshold_confidence_ratio",
        "auc",
        "median_dist_fn",
        "median_dist_tn"
      ],
      "selected_feature_names": [
        "median_dist_fp",
        "threshold_confidence_gap",
        "brier",
        "median_dist_tp",
        "threshold_confidence_ratio",
        "auc",
        "median_dist_fn",
        "median_dist_tn"
      ],
      "dropped_corr": [
        {
          "dropped": "logloss",
          "kept": "brier",
          "corr": 0.9864638393070944,
          "abs_corr": 0.9864638393070944,
          "dropped_target_corr": 0.45788371339108125,
          "kept_target_corr": 0.48152553165484935
        }
      ]
    },
    "score_generalization": {
      "candidate_feature_names": [
        "empirical_overfitting",
        "empirical_bias",
        "empirical_variance",
        "empirical_residual_noise"
      ],